"MUN_COD";"MUN_NOME";"Ano";"razmam"
310150;"Além Paraíba";"2008";4.3
310150;"Além Paraíba";"2009";15.3
310150;"Além Paraíba";"2010";13.9
310150;"Além Paraíba";"2011";1
310150;"Além Paraíba";"2012";2.9
310150;"Além Paraíba";"2013";56.7
310150;"Além Paraíba";"2014";66.4
310150;"Além Paraíba";"2015";65.7
310150;"Além Paraíba";"2016";60.2
310150;"Além Paraíba";"2017";46.9
310150;"Além Paraíba";"2018";44.9
310280;"Andrelândia";"2008";0
310280;"Andrelândia";"2009";2.9
310280;"Andrelândia";"2010";13.5
310280;"Andrelândia";"2011";20.4
310280;"Andrelândia";"2012";29
310280;"Andrelândia";"2013";43.6
310280;"Andrelândia";"2014";100
310280;"Andrelândia";"2015";24.7
310280;"Andrelândia";"2016";50.7
310280;"Andrelândia";"2017";24.4
310280;"Andrelândia";"2018";29.4
310310;"Antônio Prado de Minas";"2008";5.8
310310;"Antônio Prado de Minas";"2009";100
310310;"Antônio Prado de Minas";"2010";30.7
310310;"Antônio Prado de Minas";"2011";68.5
310310;"Antônio Prado de Minas";"2012";76.8
310310;"Antônio Prado de Minas";"2013";100
310310;"Antônio Prado de Minas";"2014";95.9
310310;"Antônio Prado de Minas";"2015";93.5
310310;"Antônio Prado de Minas";"2016";75.2
310310;"Antônio Prado de Minas";"2017";34.8
310310;"Antônio Prado de Minas";"2018";97.1
310330;"Aracitaba";"2008";35.2
310330;"Aracitaba";"2009";53.4
310330;"Aracitaba";"2010";73.4
310330;"Aracitaba";"2011";82.2
310330;"Aracitaba";"2012";78.8
310330;"Aracitaba";"2013";85.1
310330;"Aracitaba";"2014";94.8
310330;"Aracitaba";"2015";89.3
310330;"Aracitaba";"2016";90.9
310330;"Aracitaba";"2017";98.2
310330;"Aracitaba";"2018";100
310360;"Arantina";"2008";0.8
310360;"Arantina";"2009";26
310360;"Arantina";"2010";28.1
310360;"Arantina";"2011";37.4
310360;"Arantina";"2012";39.6
310360;"Arantina";"2013";48.6
310360;"Arantina";"2014";59.6
310360;"Arantina";"2015";100
310360;"Arantina";"2016";38.2
310360;"Arantina";"2017";30.4
310360;"Arantina";"2018";43
310440;"Argirita";"2008";4.4
310440;"Argirita";"2009";3.7
310440;"Argirita";"2010";36.7
310440;"Argirita";"2011";19.3
310440;"Argirita";"2012";46.3
310440;"Argirita";"2013";51.5
310440;"Argirita";"2014";39.6
310440;"Argirita";"2015";71.3
310440;"Argirita";"2016";42
310440;"Argirita";"2017";31.2
310440;"Argirita";"2018";93
310460;"Astolfo Dutra";"2008";13.1
310460;"Astolfo Dutra";"2009";36.5
310460;"Astolfo Dutra";"2010";47.6
310460;"Astolfo Dutra";"2011";28.1
310460;"Astolfo Dutra";"2012";36.2
310460;"Astolfo Dutra";"2013";35.3
310460;"Astolfo Dutra";"2014";85.2
310460;"Astolfo Dutra";"2015";27.9
310460;"Astolfo Dutra";"2016";28.4
310460;"Astolfo Dutra";"2017";77.5
310460;"Astolfo Dutra";"2018";15.2
310550;"Barão de Monte Alto";"2008";12.5
310550;"Barão de Monte Alto";"2009";46
310550;"Barão de Monte Alto";"2010";23.3
310550;"Barão de Monte Alto";"2011";38.8
310550;"Barão de Monte Alto";"2012";41.8
310550;"Barão de Monte Alto";"2013";59
310550;"Barão de Monte Alto";"2014";46.5
310550;"Barão de Monte Alto";"2015";77.7
310550;"Barão de Monte Alto";"2016";48.8
310550;"Barão de Monte Alto";"2017";40.3
310550;"Barão de Monte Alto";"2018";30
310610;"Belmiro Braga";"2008";31.5
310610;"Belmiro Braga";"2009";26.9
310610;"Belmiro Braga";"2010";34.7
310610;"Belmiro Braga";"2011";40.3
310610;"Belmiro Braga";"2012";54.2
310610;"Belmiro Braga";"2013";64.4
310610;"Belmiro Braga";"2014";78.9
310610;"Belmiro Braga";"2015";58.7
310610;"Belmiro Braga";"2016";59.1
310610;"Belmiro Braga";"2017";77.9
310610;"Belmiro Braga";"2018";51.1
310680;"Bias Fortes";"2008";1.6
310680;"Bias Fortes";"2009";1.1
310680;"Bias Fortes";"2010";26.1
310680;"Bias Fortes";"2011";23.3
310680;"Bias Fortes";"2012";26.7
310680;"Bias Fortes";"2013";25.7
310680;"Bias Fortes";"2014";48.7
310680;"Bias Fortes";"2015";100
310680;"Bias Fortes";"2016";21.7
310680;"Bias Fortes";"2017";33.3
310680;"Bias Fortes";"2018";39.6
310690;"Bicas";"2008";9.9
310690;"Bicas";"2009";6.5
310690;"Bicas";"2010";4.5
310690;"Bicas";"2011";3.5
310690;"Bicas";"2012";25.2
310690;"Bicas";"2013";82.9
310690;"Bicas";"2014";44.7
310690;"Bicas";"2015";23.5
310690;"Bicas";"2016";22.9
310690;"Bicas";"2017";43.6
310690;"Bicas";"2018";33
310720;"Bocaina de Minas";"2008";6
310720;"Bocaina de Minas";"2009";0
310720;"Bocaina de Minas";"2010";0
310720;"Bocaina de Minas";"2011";0
310720;"Bocaina de Minas";"2012";3.7
310720;"Bocaina de Minas";"2013";18.5
310720;"Bocaina de Minas";"2014";12.9
310720;"Bocaina de Minas";"2015";73.1
310720;"Bocaina de Minas";"2016";7.8
310720;"Bocaina de Minas";"2017";20.9
310720;"Bocaina de Minas";"2018";14.8
310750;"Bom Jardim de Minas";"2008";0
310750;"Bom Jardim de Minas";"2009";0
310750;"Bom Jardim de Minas";"2010";0.7
310750;"Bom Jardim de Minas";"2011";5.4
310750;"Bom Jardim de Minas";"2012";17.2
310750;"Bom Jardim de Minas";"2013";41.3
310750;"Bom Jardim de Minas";"2014";34.7
310750;"Bom Jardim de Minas";"2015";66.5
310750;"Bom Jardim de Minas";"2016";17.6
310750;"Bom Jardim de Minas";"2017";36.5
310750;"Bom Jardim de Minas";"2018";35.4
310870;"Brás Pires";"2008";19.7
310870;"Brás Pires";"2009";12.7
310870;"Brás Pires";"2010";67.3
310870;"Brás Pires";"2011";52
310870;"Brás Pires";"2012";43.5
310870;"Brás Pires";"2013";59.4
310870;"Brás Pires";"2014";57.6
310870;"Brás Pires";"2015";100
310870;"Brás Pires";"2016";28.2
310870;"Brás Pires";"2017";64.8
310870;"Brás Pires";"2018";35.4
311010;"Caiana";"2008";8.1
311010;"Caiana";"2009";17.4
311010;"Caiana";"2010";50
311010;"Caiana";"2011";40.7
311010;"Caiana";"2012";36.3
311010;"Caiana";"2013";67.3
311010;"Caiana";"2014";76.7
311010;"Caiana";"2015";87.5
311010;"Caiana";"2016";48.1
311010;"Caiana";"2017";100
311010;"Caiana";"2018";22.3
311210;"Caparaó";"2008";9
311210;"Caparaó";"2009";11
311210;"Caparaó";"2010";40.2
311210;"Caparaó";"2011";38.7
311210;"Caparaó";"2012";36.9
311210;"Caparaó";"2013";59
311210;"Caparaó";"2014";44.7
311210;"Caparaó";"2015";100
311210;"Caparaó";"2016";51.3
311210;"Caparaó";"2017";30
311210;"Caparaó";"2018";34.1
311330;"Carangola";"2008";16.1
311330;"Carangola";"2009";24.5
311330;"Carangola";"2010";44.3
311330;"Carangola";"2011";47.8
311330;"Carangola";"2012";43.3
311330;"Carangola";"2013";54.9
311330;"Carangola";"2014";46.2
311330;"Carangola";"2015";53.9
311330;"Carangola";"2016";58.3
311330;"Carangola";"2017";45.2
311330;"Carangola";"2018";31.5
311530;"Cataguases";"2008";22.7
311530;"Cataguases";"2009";27.8
311530;"Cataguases";"2010";58
311530;"Cataguases";"2011";50.8
311530;"Cataguases";"2012";51.5
311530;"Cataguases";"2013";54.6
311530;"Cataguases";"2014";80.3
311530;"Cataguases";"2015";32.1
311530;"Cataguases";"2016";32
311530;"Cataguases";"2017";31.7
311530;"Cataguases";"2018";31.7
311590;"Chácara";"2008";25.8
311590;"Chácara";"2009";57.2
311590;"Chácara";"2010";50.2
311590;"Chácara";"2011";68.4
311590;"Chácara";"2012";84
311590;"Chácara";"2013";81.5
311590;"Chácara";"2014";60.5
311590;"Chácara";"2015";66.1
311590;"Chácara";"2016";42.8
311590;"Chácara";"2017";63.3
311590;"Chácara";"2018";57.5
311620;"Chiador";"2008";0
311620;"Chiador";"2009";0
311620;"Chiador";"2010";0.7
311620;"Chiador";"2011";6.5
311620;"Chiador";"2012";34.2
311620;"Chiador";"2013";90.9
311620;"Chiador";"2014";39.9
311620;"Chiador";"2015";99.7
311620;"Chiador";"2016";48.3
311620;"Chiador";"2017";96.7
311620;"Chiador";"2018";83.2
311670;"Coimbra";"2008";14.5
311670;"Coimbra";"2009";100
311670;"Coimbra";"2010";50.6
311670;"Coimbra";"2011";51.7
311670;"Coimbra";"2012";86.9
311670;"Coimbra";"2013";82.5
311670;"Coimbra";"2014";73.9
311670;"Coimbra";"2015";82.8
311670;"Coimbra";"2016";66.8
311670;"Coimbra";"2017";57.3
311670;"Coimbra";"2018";46.9
311960;"Coronel Pacheco";"2008";48.1
311960;"Coronel Pacheco";"2009";47.4
311960;"Coronel Pacheco";"2010";84.6
311960;"Coronel Pacheco";"2011";90.3
311960;"Coronel Pacheco";"2012";72.2
311960;"Coronel Pacheco";"2013";59.4
311960;"Coronel Pacheco";"2014";45.1
311960;"Coronel Pacheco";"2015";100
311960;"Coronel Pacheco";"2016";56.5
311960;"Coronel Pacheco";"2017";64.3
311960;"Coronel Pacheco";"2018";67.6
312130;"Descoberto";"2008";0
312130;"Descoberto";"2009";6.2
312130;"Descoberto";"2010";20
312130;"Descoberto";"2011";17
312130;"Descoberto";"2012";49.1
312130;"Descoberto";"2013";100
312130;"Descoberto";"2014";51.5
312130;"Descoberto";"2015";95.6
312130;"Descoberto";"2016";53
312130;"Descoberto";"2017";56.6
312130;"Descoberto";"2018";54.3
312190;"Divinésia";"2008";19.8
312190;"Divinésia";"2009";78
312190;"Divinésia";"2010";69.1
312190;"Divinésia";"2011";41.4
312190;"Divinésia";"2012";35.6
312190;"Divinésia";"2013";58.2
312190;"Divinésia";"2014";100
312190;"Divinésia";"2015";64.9
312190;"Divinésia";"2016";100
312190;"Divinésia";"2017";100
312190;"Divinésia";"2018";100
312200;"Divino";"2008";16
312200;"Divino";"2009";29.3
312200;"Divino";"2010";45.8
312200;"Divino";"2011";47.8
312200;"Divino";"2012";40.9
312200;"Divino";"2013";60.2
312200;"Divino";"2014";45.3
312200;"Divino";"2015";53.5
312200;"Divino";"2016";34.5
312200;"Divino";"2017";39.8
312200;"Divino";"2018";55.4
312290;"Dona Eusébia";"2008";21
312290;"Dona Eusébia";"2009";24.3
312290;"Dona Eusébia";"2010";32.1
312290;"Dona Eusébia";"2011";23.9
312290;"Dona Eusébia";"2012";45.5
312290;"Dona Eusébia";"2013";32.2
312290;"Dona Eusébia";"2014";100
312290;"Dona Eusébia";"2015";21
312290;"Dona Eusébia";"2016";23.7
312290;"Dona Eusébia";"2017";97.2
312290;"Dona Eusébia";"2018";8.7
312330;"Dores do Turvo";"2008";12.7
312330;"Dores do Turvo";"2009";63.5
312330;"Dores do Turvo";"2010";53.6
312330;"Dores do Turvo";"2011";71.2
312330;"Dores do Turvo";"2012";75.7
312330;"Dores do Turvo";"2013";57.8
312330;"Dores do Turvo";"2014";63.1
312330;"Dores do Turvo";"2015";49
312330;"Dores do Turvo";"2016";52.5
312330;"Dores do Turvo";"2017";50.5
312330;"Dores do Turvo";"2018";22.7
312400;"Ervália";"2008";7.2
312400;"Ervália";"2009";64.3
312400;"Ervália";"2010";35.2
312400;"Ervália";"2011";46.5
312400;"Ervália";"2012";46
312400;"Ervália";"2013";46.1
312400;"Ervália";"2014";58.2
312400;"Ervália";"2015";79.2
312400;"Ervália";"2016";41.6
312400;"Ervália";"2017";28.2
312400;"Ervália";"2018";42.8
312420;"Espera Feliz";"2008";15.1
312420;"Espera Feliz";"2009";21
312420;"Espera Feliz";"2010";47.1
312420;"Espera Feliz";"2011";41.6
312420;"Espera Feliz";"2012";52.9
312420;"Espera Feliz";"2013";68.7
312420;"Espera Feliz";"2014";50
312420;"Espera Feliz";"2015";69.1
312420;"Espera Feliz";"2016";47.1
312420;"Espera Feliz";"2017";48.4
312420;"Espera Feliz";"2018";88.9
312460;"Estrela Dalva";"2008";0.9
312460;"Estrela Dalva";"2009";34.9
312460;"Estrela Dalva";"2010";2.5
312460;"Estrela Dalva";"2011";0.8
312460;"Estrela Dalva";"2012";9.1
312460;"Estrela Dalva";"2013";79.8
312460;"Estrela Dalva";"2014";4.9
312460;"Estrela Dalva";"2015";100
312460;"Estrela Dalva";"2016";6.3
312460;"Estrela Dalva";"2017";35.8
312460;"Estrela Dalva";"2018";13.6
312490;"Eugenópolis";"2008";15.9
312490;"Eugenópolis";"2009";46.4
312490;"Eugenópolis";"2010";41.1
312490;"Eugenópolis";"2011";57.9
312490;"Eugenópolis";"2012";59.3
312490;"Eugenópolis";"2013";58.9
312490;"Eugenópolis";"2014";70.8
312490;"Eugenópolis";"2015";71.6
312490;"Eugenópolis";"2016";56.6
312490;"Eugenópolis";"2017";18.1
312490;"Eugenópolis";"2018";26.1
312500;"Ewbank da Câmara";"2008";31.5
312500;"Ewbank da Câmara";"2009";62
312500;"Ewbank da Câmara";"2010";53.9
312500;"Ewbank da Câmara";"2011";57.7
312500;"Ewbank da Câmara";"2012";55.8
312500;"Ewbank da Câmara";"2013";94.5
312500;"Ewbank da Câmara";"2014";58.8
312500;"Ewbank da Câmara";"2015";100
312500;"Ewbank da Câmara";"2016";72.6
312500;"Ewbank da Câmara";"2017";64.8
312500;"Ewbank da Câmara";"2018";83.2
312530;"Faria Lemos";"2008";6.4
312530;"Faria Lemos";"2009";10.5
312530;"Faria Lemos";"2010";29.5
312530;"Faria Lemos";"2011";29.2
312530;"Faria Lemos";"2012";38.2
312530;"Faria Lemos";"2013";58.2
312530;"Faria Lemos";"2014";35.8
312530;"Faria Lemos";"2015";42.5
312530;"Faria Lemos";"2016";36.3
312530;"Faria Lemos";"2017";48.9
312530;"Faria Lemos";"2018";21.2
312595;"Fervedouro";"2008";10.1
312595;"Fervedouro";"2009";25.1
312595;"Fervedouro";"2010";39.9
312595;"Fervedouro";"2011";36.3
312595;"Fervedouro";"2012";42.8
312595;"Fervedouro";"2013";49.5
312595;"Fervedouro";"2014";38.7
312595;"Fervedouro";"2015";43.7
312595;"Fervedouro";"2016";53.3
312595;"Fervedouro";"2017";46.1
312595;"Fervedouro";"2018";46.7
312738;"Goianá";"2008";30.2
312738;"Goianá";"2009";47
312738;"Goianá";"2010";44.7
312738;"Goianá";"2011";81.6
312738;"Goianá";"2012";53.6
312738;"Goianá";"2013";69.3
312738;"Goianá";"2014";76.1
312738;"Goianá";"2015";100
312738;"Goianá";"2016";68.2
312738;"Goianá";"2017";85.4
312738;"Goianá";"2018";44.7
312840;"Guarani";"2008";44.1
312840;"Guarani";"2009";95.8
312840;"Guarani";"2010";58.4
312840;"Guarani";"2011";62.5
312840;"Guarani";"2012";100
312840;"Guarani";"2013";100
312840;"Guarani";"2014";100
312840;"Guarani";"2015";90.6
312840;"Guarani";"2016";67.5
312840;"Guarani";"2017";72.2
312840;"Guarani";"2018";54.8
312850;"Guarará";"2008";5.4
312850;"Guarará";"2009";7.1
312850;"Guarará";"2010";15.3
312850;"Guarará";"2011";8.6
312850;"Guarará";"2012";20.1
312850;"Guarará";"2013";95.3
312850;"Guarará";"2014";37.9
312850;"Guarará";"2015";76.6
312850;"Guarará";"2016";10.1
312850;"Guarará";"2017";27.6
312850;"Guarará";"2018";24
312880;"Guidoval";"2008";49.3
312880;"Guidoval";"2009";98.7
312880;"Guidoval";"2010";66.1
312880;"Guidoval";"2011";71.2
312880;"Guidoval";"2012";87.4
312880;"Guidoval";"2013";90.5
312880;"Guidoval";"2014";100
312880;"Guidoval";"2015";77.9
312880;"Guidoval";"2016";84.5
312880;"Guidoval";"2017";51.4
312880;"Guidoval";"2018";70.9
312900;"Guiricema";"2008";13.7
312900;"Guiricema";"2009";45.9
312900;"Guiricema";"2010";39.6
312900;"Guiricema";"2011";35.3
312900;"Guiricema";"2012";51.2
312900;"Guiricema";"2013";46.3
312900;"Guiricema";"2014";44.5
312900;"Guiricema";"2015";39.3
312900;"Guiricema";"2016";44.3
312900;"Guiricema";"2017";30.6
312900;"Guiricema";"2018";63.8
313260;"Itamarati de Minas";"2008";9.7
313260;"Itamarati de Minas";"2009";22.5
313260;"Itamarati de Minas";"2010";58.4
313260;"Itamarati de Minas";"2011";38.9
313260;"Itamarati de Minas";"2012";40.7
313260;"Itamarati de Minas";"2013";38.6
313260;"Itamarati de Minas";"2014";68.7
313260;"Itamarati de Minas";"2015";94.1
313260;"Itamarati de Minas";"2016";37
313260;"Itamarati de Minas";"2017";100
313260;"Itamarati de Minas";"2018";22
313670;"Juiz de Fora";"2008";58.9
313670;"Juiz de Fora";"2009";55.6
313670;"Juiz de Fora";"2010";30.4
313670;"Juiz de Fora";"2011";25.9
313670;"Juiz de Fora";"2012";40
313670;"Juiz de Fora";"2013";56.9
313670;"Juiz de Fora";"2014";58.1
313670;"Juiz de Fora";"2015";43.5
313670;"Juiz de Fora";"2016";51.9
313670;"Juiz de Fora";"2017";48.7
313670;"Juiz de Fora";"2018";45.1
313800;"Laranjal";"2008";10.1
313800;"Laranjal";"2009";31
313800;"Laranjal";"2010";42
313800;"Laranjal";"2011";43.8
313800;"Laranjal";"2012";49.3
313800;"Laranjal";"2013";50.6
313800;"Laranjal";"2014";48.4
313800;"Laranjal";"2015";100
313800;"Laranjal";"2016";56.9
313800;"Laranjal";"2017";30.5
313800;"Laranjal";"2018";43.9
313840;"Leopoldina";"2008";32.4
313840;"Leopoldina";"2009";16.8
313840;"Leopoldina";"2010";28.3
313840;"Leopoldina";"2011";1.2
313840;"Leopoldina";"2012";19.8
313840;"Leopoldina";"2013";19.4
313840;"Leopoldina";"2014";25.7
313840;"Leopoldina";"2015";39.3
313840;"Leopoldina";"2016";39.3
313840;"Leopoldina";"2017";35.3
313840;"Leopoldina";"2018";23.9
313850;"Liberdade";"2008";0.4
313850;"Liberdade";"2009";0
313850;"Liberdade";"2010";0
313850;"Liberdade";"2011";3.7
313850;"Liberdade";"2012";9.7
313850;"Liberdade";"2013";26.1
313850;"Liberdade";"2014";37.3
313850;"Liberdade";"2015";64.2
313850;"Liberdade";"2016";29.2
313850;"Liberdade";"2017";24.1
313850;"Liberdade";"2018";13.5
313860;"Lima Duarte";"2008";0
313860;"Lima Duarte";"2009";0
313860;"Lima Duarte";"2010";1.1
313860;"Lima Duarte";"2011";5
313860;"Lima Duarte";"2012";23.4
313860;"Lima Duarte";"2013";41.6
313860;"Lima Duarte";"2014";42.6
313860;"Lima Duarte";"2015";85.3
313860;"Lima Duarte";"2016";35.7
313860;"Lima Duarte";"2017";39.8
313860;"Lima Duarte";"2018";38.9
313980;"Mar de Espanha";"2008";0
313980;"Mar de Espanha";"2009";0
313980;"Mar de Espanha";"2010";0.4
313980;"Mar de Espanha";"2011";0.9
313980;"Mar de Espanha";"2012";24.2
313980;"Mar de Espanha";"2013";80.7
313980;"Mar de Espanha";"2014";43
313980;"Mar de Espanha";"2015";66.8
313980;"Mar de Espanha";"2016";39.5
313980;"Mar de Espanha";"2017";21
313980;"Mar de Espanha";"2018";28.7
314020;"Maripá de Minas";"2008";9.6
314020;"Maripá de Minas";"2009";11.9
314020;"Maripá de Minas";"2010";10.7
314020;"Maripá de Minas";"2011";29.8
314020;"Maripá de Minas";"2012";81.1
314020;"Maripá de Minas";"2013";100
314020;"Maripá de Minas";"2014";68.1
314020;"Maripá de Minas";"2015";39.9
314020;"Maripá de Minas";"2016";44.1
314020;"Maripá de Minas";"2017";62.7
314020;"Maripá de Minas";"2018";47.2
314080;"Matias Barbosa";"2008";18.2
314080;"Matias Barbosa";"2009";37.5
314080;"Matias Barbosa";"2010";49.4
314080;"Matias Barbosa";"2011";37.7
314080;"Matias Barbosa";"2012";54.1
314080;"Matias Barbosa";"2013";75.6
314080;"Matias Barbosa";"2014";68.3
314080;"Matias Barbosa";"2015";52.9
314080;"Matias Barbosa";"2016";56.5
314080;"Matias Barbosa";"2017";69.9
314080;"Matias Barbosa";"2018";57
314160;"Mercês";"2008";14.3
314160;"Mercês";"2009";26.3
314160;"Mercês";"2010";40.5
314160;"Mercês";"2011";41.4
314160;"Mercês";"2012";48.2
314160;"Mercês";"2013";67.8
314160;"Mercês";"2014";60.1
314160;"Mercês";"2015";59.6
314160;"Mercês";"2016";62.1
314160;"Mercês";"2017";46.4
314160;"Mercês";"2018";37.4
314210;"Miradouro";"2008";17.8
314210;"Miradouro";"2009";43.5
314210;"Miradouro";"2010";36
314210;"Miradouro";"2011";46.5
314210;"Miradouro";"2012";37.1
314210;"Miradouro";"2013";40.8
314210;"Miradouro";"2014";53.8
314210;"Miradouro";"2015";58.2
314210;"Miradouro";"2016";55.1
314210;"Miradouro";"2017";30.8
314210;"Miradouro";"2018";23.4
314220;"Miraí";"2008";13.3
314220;"Miraí";"2009";72.2
314220;"Miraí";"2010";17.1
314220;"Miraí";"2011";27.6
314220;"Miraí";"2012";67.2
314220;"Miraí";"2013";78.1
314220;"Miraí";"2014";56.6
314220;"Miraí";"2015";68.6
314220;"Miraí";"2016";78.8
314220;"Miraí";"2017";50.7
314220;"Miraí";"2018";35.4
314390;"Muriaé";"2008";23.9
314390;"Muriaé";"2009";70.1
314390;"Muriaé";"2010";51.3
314390;"Muriaé";"2011";54.6
314390;"Muriaé";"2012";70.8
314390;"Muriaé";"2013";71.2
314390;"Muriaé";"2014";76.4
314390;"Muriaé";"2015";77.7
314390;"Muriaé";"2016";77.3
314390;"Muriaé";"2017";53.6
314390;"Muriaé";"2018";36.8
314540;"Olaria";"2008";0
314540;"Olaria";"2009";1.1
314540;"Olaria";"2010";3.2
314540;"Olaria";"2011";3.1
314540;"Olaria";"2012";36.5
314540;"Olaria";"2013";83.1
314540;"Olaria";"2014";42.1
314540;"Olaria";"2015";70.4
314540;"Olaria";"2016";50.5
314540;"Olaria";"2017";43.5
314540;"Olaria";"2018";60
314570;"Oliveira Fortes";"2008";47.1
314570;"Oliveira Fortes";"2009";46.6
314570;"Oliveira Fortes";"2010";94.1
314570;"Oliveira Fortes";"2011";77.8
314570;"Oliveira Fortes";"2012";83.1
314570;"Oliveira Fortes";"2013";77.4
314570;"Oliveira Fortes";"2014";83.3
314570;"Oliveira Fortes";"2015";78.4
314570;"Oliveira Fortes";"2016";67.5
314570;"Oliveira Fortes";"2017";73.8
314570;"Oliveira Fortes";"2018";69.7
314587;"Orizânia";"2008";16.9
314587;"Orizânia";"2009";20.6
314587;"Orizânia";"2010";49
314587;"Orizânia";"2011";49
314587;"Orizânia";"2012";50.9
314587;"Orizânia";"2013";79.3
314587;"Orizânia";"2014";50.3
314587;"Orizânia";"2015";43.3
314587;"Orizânia";"2016";45.6
314587;"Orizânia";"2017";37.3
314587;"Orizânia";"2018";17.3
314670;"Palma";"2008";8.6
314670;"Palma";"2009";54.3
314670;"Palma";"2010";56.1
314670;"Palma";"2011";44.7
314670;"Palma";"2012";49.4
314670;"Palma";"2013";53.2
314670;"Palma";"2014";65
314670;"Palma";"2015";90.1
314670;"Palma";"2016";58.9
314670;"Palma";"2017";55.2
314670;"Palma";"2018";25.7
314780;"Passa-Vinte";"2008";1.2
314780;"Passa-Vinte";"2009";1.1
314780;"Passa-Vinte";"2010";0
314780;"Passa-Vinte";"2011";10.9
314780;"Passa-Vinte";"2012";25.3
314780;"Passa-Vinte";"2013";23.6
314780;"Passa-Vinte";"2014";38.2
314780;"Passa-Vinte";"2015";68
314780;"Passa-Vinte";"2016";45.7
314780;"Passa-Vinte";"2017";30.6
314780;"Passa-Vinte";"2018";31.5
314820;"Patrocínio do Muriaé";"2008";9.7
314820;"Patrocínio do Muriaé";"2009";47.3
314820;"Patrocínio do Muriaé";"2010";31.6
314820;"Patrocínio do Muriaé";"2011";21.6
314820;"Patrocínio do Muriaé";"2012";42.7
314820;"Patrocínio do Muriaé";"2013";52.7
314820;"Patrocínio do Muriaé";"2014";34.3
314820;"Patrocínio do Muriaé";"2015";41.7
314820;"Patrocínio do Muriaé";"2016";60.8
314820;"Patrocínio do Muriaé";"2017";33
314820;"Patrocínio do Muriaé";"2018";21.3
314875;"Pedra Bonita";"2008";5.7
314875;"Pedra Bonita";"2009";8
314875;"Pedra Bonita";"2010";27.8
314875;"Pedra Bonita";"2011";14.1
314875;"Pedra Bonita";"2012";22.9
314875;"Pedra Bonita";"2013";57.3
314875;"Pedra Bonita";"2014";41.9
314875;"Pedra Bonita";"2015";100
314875;"Pedra Bonita";"2016";46.6
314875;"Pedra Bonita";"2017";38.4
314875;"Pedra Bonita";"2018";25.2
314900;"Pedra Dourada";"2008";7.4
314900;"Pedra Dourada";"2009";17.9
314900;"Pedra Dourada";"2010";43.4
314900;"Pedra Dourada";"2011";41.6
314900;"Pedra Dourada";"2012";75.7
314900;"Pedra Dourada";"2013";82.5
314900;"Pedra Dourada";"2014";66.7
314900;"Pedra Dourada";"2015";56.1
314900;"Pedra Dourada";"2016";57.7
314900;"Pedra Dourada";"2017";67.9
314900;"Pedra Dourada";"2018";43
314940;"Pedro Teixeira";"2008";0
314940;"Pedro Teixeira";"2009";0
314940;"Pedro Teixeira";"2010";20.4
314940;"Pedro Teixeira";"2011";100
314940;"Pedro Teixeira";"2012";100
314940;"Pedro Teixeira";"2013";86.5
314940;"Pedro Teixeira";"2014";88.9
314940;"Pedro Teixeira";"2015";98.1
314940;"Pedro Teixeira";"2016";63.7
314940;"Pedro Teixeira";"2017";100
314940;"Pedro Teixeira";"2018";77.3
314950;"Pequeri";"2008";7.1
314950;"Pequeri";"2009";10.2
314950;"Pequeri";"2010";38.2
314950;"Pequeri";"2011";11.8
314950;"Pequeri";"2012";46.3
314950;"Pequeri";"2013";100
314950;"Pequeri";"2014";42.1
314950;"Pequeri";"2015";91.2
314950;"Pequeri";"2016";22.6
314950;"Pequeri";"2017";35.5
314950;"Pequeri";"2018";25.4
315010;"Piau";"2008";33.1
315010;"Piau";"2009";28.9
315010;"Piau";"2010";37.4
315010;"Piau";"2011";60.9
315010;"Piau";"2012";66.7
315010;"Piau";"2013";59.2
315010;"Piau";"2014";56.5
315010;"Piau";"2015";55.7
315010;"Piau";"2016";75.1
315010;"Piau";"2017";68.5
315010;"Piau";"2018";78.4
315110;"Pirapetinga";"2008";2.2
315110;"Pirapetinga";"2009";15
315110;"Pirapetinga";"2010";61.6
315110;"Pirapetinga";"2011";73
315110;"Pirapetinga";"2012";54.6
315110;"Pirapetinga";"2013";100
315110;"Pirapetinga";"2014";13.1
315110;"Pirapetinga";"2015";7.6
315110;"Pirapetinga";"2016";4.7
315110;"Pirapetinga";"2017";8.9
315110;"Pirapetinga";"2018";16.2
315130;"Piraúba";"2008";34.3
315130;"Piraúba";"2009";43.8
315130;"Piraúba";"2010";37.3
315130;"Piraúba";"2011";43
315130;"Piraúba";"2012";43.6
315130;"Piraúba";"2013";55.3
315130;"Piraúba";"2014";42.7
315130;"Piraúba";"2015";80.5
315130;"Piraúba";"2016";51.5
315130;"Piraúba";"2017";52.8
315130;"Piraúba";"2018";36.7
315310;"Presidente Bernardes";"2008";38.1
315310;"Presidente Bernardes";"2009";100
315310;"Presidente Bernardes";"2010";55.9
315310;"Presidente Bernardes";"2011";100
315310;"Presidente Bernardes";"2012";66.7
315310;"Presidente Bernardes";"2013";64.2
315310;"Presidente Bernardes";"2014";72.8
315310;"Presidente Bernardes";"2015";64.1
315310;"Presidente Bernardes";"2016";65
315310;"Presidente Bernardes";"2017";77.4
315310;"Presidente Bernardes";"2018";44.9
315410;"Recreio";"2008";6.8
315410;"Recreio";"2009";21.6
315410;"Recreio";"2010";33
315410;"Recreio";"2011";32.6
315410;"Recreio";"2012";40.4
315410;"Recreio";"2013";46.3
315410;"Recreio";"2014";27.7
315410;"Recreio";"2015";65.4
315410;"Recreio";"2016";37.3
315410;"Recreio";"2017";82.2
315410;"Recreio";"2018";16.4
315540;"Rio Novo";"2008";14.2
315540;"Rio Novo";"2009";21.5
315540;"Rio Novo";"2010";33.6
315540;"Rio Novo";"2011";31
315540;"Rio Novo";"2012";51.6
315540;"Rio Novo";"2013";53.6
315540;"Rio Novo";"2014";68.8
315540;"Rio Novo";"2015";53
315540;"Rio Novo";"2016";44.1
315540;"Rio Novo";"2017";49.1
315540;"Rio Novo";"2018";47.4
315580;"Rio Pomba";"2008";32.6
315580;"Rio Pomba";"2009";83.8
315580;"Rio Pomba";"2010";51.8
315580;"Rio Pomba";"2011";43.3
315580;"Rio Pomba";"2012";60.7
315580;"Rio Pomba";"2013";56.3
315580;"Rio Pomba";"2014";50.5
315580;"Rio Pomba";"2015";100
315580;"Rio Pomba";"2016";32.4
315580;"Rio Pomba";"2017";67.4
315580;"Rio Pomba";"2018";27.9
315590;"Rio Preto";"2008";0
315590;"Rio Preto";"2009";11.7
315590;"Rio Preto";"2010";48.1
315590;"Rio Preto";"2011";58.8
315590;"Rio Preto";"2012";51
315590;"Rio Preto";"2013";52.8
315590;"Rio Preto";"2014";47.5
315590;"Rio Preto";"2015";100
315590;"Rio Preto";"2016";30.6
315590;"Rio Preto";"2017";48.6
315590;"Rio Preto";"2018";54.1
315620;"Rochedo de Minas";"2008";10.4
315620;"Rochedo de Minas";"2009";26.2
315620;"Rochedo de Minas";"2010";18.1
315620;"Rochedo de Minas";"2011";19.9
315620;"Rochedo de Minas";"2012";43.1
315620;"Rochedo de Minas";"2013";100
315620;"Rochedo de Minas";"2014";64.6
315620;"Rochedo de Minas";"2015";23.8
315620;"Rochedo de Minas";"2016";15.8
315620;"Rochedo de Minas";"2017";37.9
315620;"Rochedo de Minas";"2018";48.9
315630;"Rodeiro";"2008";99.5
315630;"Rodeiro";"2009";100
315630;"Rodeiro";"2010";100
315630;"Rodeiro";"2011";100
315630;"Rodeiro";"2012";100
315630;"Rodeiro";"2013";100
315630;"Rodeiro";"2014";100
315630;"Rodeiro";"2015";100
315630;"Rodeiro";"2016";89.6
315630;"Rodeiro";"2017";89.7
315630;"Rodeiro";"2018";54.2
315645;"Rosário da Limeira";"2008";12.7
315645;"Rosário da Limeira";"2009";70.7
315645;"Rosário da Limeira";"2010";38
315645;"Rosário da Limeira";"2011";38.8
315645;"Rosário da Limeira";"2012";48.6
315645;"Rosário da Limeira";"2013";63.3
315645;"Rosário da Limeira";"2014";36.6
315645;"Rosário da Limeira";"2015";69.2
315645;"Rosário da Limeira";"2016";93
315645;"Rosário da Limeira";"2017";76.8
315645;"Rosário da Limeira";"2018";77.1
315727;"Santa Bárbara do Monte Verde";"2008";0
315727;"Santa Bárbara do Monte Verde";"2009";0
315727;"Santa Bárbara do Monte Verde";"2010";0
315727;"Santa Bárbara do Monte Verde";"2011";14.5
315727;"Santa Bárbara do Monte Verde";"2012";53.9
315727;"Santa Bárbara do Monte Verde";"2013";69.9
315727;"Santa Bárbara do Monte Verde";"2014";45.6
315727;"Santa Bárbara do Monte Verde";"2015";57
315727;"Santa Bárbara do Monte Verde";"2016";59.7
315727;"Santa Bárbara do Monte Verde";"2017";55.9
315727;"Santa Bárbara do Monte Verde";"2018";47.3
315930;"Santa Rita de Jacutinga";"2008";0
315930;"Santa Rita de Jacutinga";"2009";0
315930;"Santa Rita de Jacutinga";"2010";0
315930;"Santa Rita de Jacutinga";"2011";5.8
315930;"Santa Rita de Jacutinga";"2012";25
315930;"Santa Rita de Jacutinga";"2013";44.1
315930;"Santa Rita de Jacutinga";"2014";32.9
315930;"Santa Rita de Jacutinga";"2015";100
315930;"Santa Rita de Jacutinga";"2016";26.9
315930;"Santa Rita de Jacutinga";"2017";39.3
315930;"Santa Rita de Jacutinga";"2018";45.8
315840;"Santana de Cataguases";"2008";12.2
315840;"Santana de Cataguases";"2009";64.4
315840;"Santana de Cataguases";"2010";44
315840;"Santana de Cataguases";"2011";53.3
315840;"Santana de Cataguases";"2012";34.1
315840;"Santana de Cataguases";"2013";31.3
315840;"Santana de Cataguases";"2014";52.5
315840;"Santana de Cataguases";"2015";95.2
315840;"Santana de Cataguases";"2016";29.5
315840;"Santana de Cataguases";"2017";100
315840;"Santana de Cataguases";"2018";12.1
315860;"Santana do Deserto";"2008";0
315860;"Santana do Deserto";"2009";3.1
315860;"Santana do Deserto";"2010";19.9
315860;"Santana do Deserto";"2011";82.8
315860;"Santana do Deserto";"2012";22.6
315860;"Santana do Deserto";"2013";45.4
315860;"Santana do Deserto";"2014";53.3
315860;"Santana do Deserto";"2015";52.8
315860;"Santana do Deserto";"2016";44.1
315860;"Santana do Deserto";"2017";72.6
315860;"Santana do Deserto";"2018";45.7
316000;"Santo Antônio do Aventureiro";"2008";1.9
316000;"Santo Antônio do Aventureiro";"2009";64.7
316000;"Santo Antônio do Aventureiro";"2010";44.9
316000;"Santo Antônio do Aventureiro";"2011";57.4
316000;"Santo Antônio do Aventureiro";"2012";79.1
316000;"Santo Antônio do Aventureiro";"2013";100
316000;"Santo Antônio do Aventureiro";"2014";36.3
316000;"Santo Antônio do Aventureiro";"2015";91.5
316000;"Santo Antônio do Aventureiro";"2016";100
316000;"Santo Antônio do Aventureiro";"2017";100
316000;"Santo Antônio do Aventureiro";"2018";7.1
316070;"Santos Dumont";"2008";16.1
316070;"Santos Dumont";"2009";18.3
316070;"Santos Dumont";"2010";40.5
316070;"Santos Dumont";"2011";38.2
316070;"Santos Dumont";"2012";41.6
316070;"Santos Dumont";"2013";69.5
316070;"Santos Dumont";"2014";55.5
316070;"Santos Dumont";"2015";67.8
316070;"Santos Dumont";"2016";29.7
316070;"Santos Dumont";"2017";53
316070;"Santos Dumont";"2018";37.5
316140;"São Francisco do Glória";"2008";15.3
316140;"São Francisco do Glória";"2009";26.4
316140;"São Francisco do Glória";"2010";51.4
316140;"São Francisco do Glória";"2011";53.7
316140;"São Francisco do Glória";"2012";49.3
316140;"São Francisco do Glória";"2013";76.6
316140;"São Francisco do Glória";"2014";53.2
316140;"São Francisco do Glória";"2015";35.9
316140;"São Francisco do Glória";"2016";100
316140;"São Francisco do Glória";"2017";82.5
316140;"São Francisco do Glória";"2018";21.6
316150;"São Geraldo";"2008";9.5
316150;"São Geraldo";"2009";100
316150;"São Geraldo";"2010";23.6
316150;"São Geraldo";"2011";33.3
316150;"São Geraldo";"2012";59
316150;"São Geraldo";"2013";49.3
316150;"São Geraldo";"2014";65.4
316150;"São Geraldo";"2015";50.5
316150;"São Geraldo";"2016";66.8
316150;"São Geraldo";"2017";49.7
316150;"São Geraldo";"2018";45.3
316290;"São João Nepomuceno";"2008";7.7
316290;"São João Nepomuceno";"2009";18.2
316290;"São João Nepomuceno";"2010";40.2
316290;"São João Nepomuceno";"2011";39
316290;"São João Nepomuceno";"2012";80.1
316290;"São João Nepomuceno";"2013";93.2
316290;"São João Nepomuceno";"2014";86.3
316290;"São João Nepomuceno";"2015";100
316290;"São João Nepomuceno";"2016";85.1
316290;"São João Nepomuceno";"2017";84.5
316290;"São João Nepomuceno";"2018";66.4
316443;"São Sebastião da Vargem Alegre";"2008";13.5
316443;"São Sebastião da Vargem Alegre";"2009";44.4
316443;"São Sebastião da Vargem Alegre";"2010";48.6
316443;"São Sebastião da Vargem Alegre";"2011";46.2
316443;"São Sebastião da Vargem Alegre";"2012";57.8
316443;"São Sebastião da Vargem Alegre";"2013";88.9
316443;"São Sebastião da Vargem Alegre";"2014";69.9
316443;"São Sebastião da Vargem Alegre";"2015";57.8
316443;"São Sebastião da Vargem Alegre";"2016";96.4
316443;"São Sebastião da Vargem Alegre";"2017";66.2
316443;"São Sebastião da Vargem Alegre";"2018";45.4
316560;"Senador Cortes";"2008";2.5
316560;"Senador Cortes";"2009";6.3
316560;"Senador Cortes";"2010";36
316560;"Senador Cortes";"2011";22
316560;"Senador Cortes";"2012";58.2
316560;"Senador Cortes";"2013";100
316560;"Senador Cortes";"2014";48.8
316560;"Senador Cortes";"2015";100
316560;"Senador Cortes";"2016";52.6
316560;"Senador Cortes";"2017";87.4
316560;"Senador Cortes";"2018";90.3
316570;"Senador Firmino";"2008";10.4
316570;"Senador Firmino";"2009";36.6
316570;"Senador Firmino";"2010";26.9
316570;"Senador Firmino";"2011";44.5
316570;"Senador Firmino";"2012";40.9
316570;"Senador Firmino";"2013";64.6
316570;"Senador Firmino";"2014";79.3
316570;"Senador Firmino";"2015";100
316570;"Senador Firmino";"2016";36.7
316570;"Senador Firmino";"2017";34.9
316570;"Senador Firmino";"2018";17.8
316730;"Silveirânia";"2008";47.3
316730;"Silveirânia";"2009";60.3
316730;"Silveirânia";"2010";78.6
316730;"Silveirânia";"2011";100
316730;"Silveirânia";"2012";100
316730;"Silveirânia";"2013";100
316730;"Silveirânia";"2014";100
316730;"Silveirânia";"2015";100
316730;"Silveirânia";"2016";17.3
316730;"Silveirânia";"2017";100
316730;"Silveirânia";"2018";30.2
316750;"Simão Pereira";"2008";36.5
316750;"Simão Pereira";"2009";36.1
316750;"Simão Pereira";"2010";64.7
316750;"Simão Pereira";"2011";77.2
316750;"Simão Pereira";"2012";98.1
316750;"Simão Pereira";"2013";82.7
316750;"Simão Pereira";"2014";57.6
316750;"Simão Pereira";"2015";54.8
316750;"Simão Pereira";"2016";84.8
316750;"Simão Pereira";"2017";51.6
316750;"Simão Pereira";"2018";93.7
316790;"Tabuleiro";"2008";29.2
316790;"Tabuleiro";"2009";55.5
316790;"Tabuleiro";"2010";63.3
316790;"Tabuleiro";"2011";60.2
316790;"Tabuleiro";"2012";73.4
316790;"Tabuleiro";"2013";71.2
316790;"Tabuleiro";"2014";83.4
316790;"Tabuleiro";"2015";72.7
316790;"Tabuleiro";"2016";91.3
316790;"Tabuleiro";"2017";46.3
316790;"Tabuleiro";"2018";60.7
316900;"Tocantins";"2008";34.6
316900;"Tocantins";"2009";66.4
316900;"Tocantins";"2010";74.2
316900;"Tocantins";"2011";79.4
316900;"Tocantins";"2012";97
316900;"Tocantins";"2013";100
316900;"Tocantins";"2014";87.5
316900;"Tocantins";"2015";95.2
316900;"Tocantins";"2016";65.3
316900;"Tocantins";"2017";57.7
316900;"Tocantins";"2018";40.8
316920;"Tombos";"2008";35.7
316920;"Tombos";"2009";44.7
316920;"Tombos";"2010";61
316920;"Tombos";"2011";50.6
316920;"Tombos";"2012";59.9
316920;"Tombos";"2013";85
316920;"Tombos";"2014";74.6
316920;"Tombos";"2015";64.9
316920;"Tombos";"2016";74.1
316920;"Tombos";"2017";53.3
316920;"Tombos";"2018";58.2
316990;"Ubá";"2008";52.6
316990;"Ubá";"2009";53.3
316990;"Ubá";"2010";60.3
316990;"Ubá";"2011";62.6
316990;"Ubá";"2012";80.8
316990;"Ubá";"2013";86.8
316990;"Ubá";"2014";67.2
316990;"Ubá";"2015";66.9
316990;"Ubá";"2016";44.9
316990;"Ubá";"2017";42.9
316990;"Ubá";"2018";29.2
317140;"Vieiras";"2008";12.4
317140;"Vieiras";"2009";65
317140;"Vieiras";"2010";38.1
317140;"Vieiras";"2011";85.3
317140;"Vieiras";"2012";56.5
317140;"Vieiras";"2013";55.4
317140;"Vieiras";"2014";65.3
317140;"Vieiras";"2015";69.7
317140;"Vieiras";"2016";73.7
317140;"Vieiras";"2017";58.2
317140;"Vieiras";"2018";79.2
317200;"Visconde do Rio Branco";"2008";25.3
317200;"Visconde do Rio Branco";"2009";52.3
317200;"Visconde do Rio Branco";"2010";61
317200;"Visconde do Rio Branco";"2011";57.3
317200;"Visconde do Rio Branco";"2012";66.1
317200;"Visconde do Rio Branco";"2013";69.2
317200;"Visconde do Rio Branco";"2014";65.1
317200;"Visconde do Rio Branco";"2015";60.6
317200;"Visconde do Rio Branco";"2016";62.8
317200;"Visconde do Rio Branco";"2017";47.6
317200;"Visconde do Rio Branco";"2018";52.1
317210;"Volta Grande";"2008";1.1
317210;"Volta Grande";"2009";13.6
317210;"Volta Grande";"2010";11.4
317210;"Volta Grande";"2011";9.9
317210;"Volta Grande";"2012";16.6
317210;"Volta Grande";"2013";64.1
317210;"Volta Grande";"2014";2.7
317210;"Volta Grande";"2015";56.2
317210;"Volta Grande";"2016";10.6
317210;"Volta Grande";"2017";57.9
317210;"Volta Grande";"2018";53.3
